FID,Field1,longitude,latitude
0,1,-76.780000000000001,-12.630000000000001
1,2,-76.540000000000006,-12.800000000000001
2,3,-71.430000000000007,-29.399999999999999
3,4,-71.370000000000005,-29.829999999999998
4,5,-74.019999999999996,-41.869999999999997
5,6,-71.450000000000003,-29.160000000000000
6,7,-74.040000000000006,-41.960000000000001
7,8,-76.239999999999995,-13.680000000000000
8,9,-73.239999999999995,-39.450000000000003
9,10,-71.530000000000001,-29.280000000000001
10,11,-71.439999999999998,-29.270000000000000
11,12,-71.569999999999993,-29.250000000000000
12,13,-71.670000000000002,-33.399999999999999
13,14,-76.890000000000001,-12.510000000000000
14,15,-76.379999999999995,-13.710000000000001
15,16,-76.620000000000005,-12.460000000000001
16,17,-71.489999999999995,-29.070000000000000
17,18,-76.219999999999999,-13.650000000000000
18,19,-76.939999999999998,-12.270000000000000
19,20,-76.909999999999997,-12.279999999999999
20,21,-73.560000000000002,-42.759999999999998
21,22,-70.200000000000003,-20.039999999999999
22,23,-76.299999999999997,-13.630000000000001
23,24,-76.379999999999995,-13.740000000000000
24,25,-76.269999999999996,-13.770000000000000
25,26,-76.269999999999996,-13.800000000000001
26,27,-76.299999999999997,-13.760000000000000
27,28,-76.959999999999994,-12.380000000000001
28,29,-70.150000000000006,-20.260000000000002
29,30,-76.439999999999998,-13.750000000000000
30,31,-76.469999999999999,-13.600000000000000
31,32,-76.480000000000004,-12.940000000000000
32,33,-76.769999999999996,-12.520000000000000
33,34,-76.939999999999998,-12.380000000000001
34,35,-70.489999999999995,-23.690000000000001
35,36,-76.319999999999993,-13.690000000000000
36,37,-70.530000000000001,-23.649999999999999
37,38,-70.060000000000002,-20.920000000000002
38,39,-76.840000000000003,-12.539999999999999
39,40,-76.849999999999994,-12.230000000000000
40,41,-70.469999999999999,-23.760000000000002
41,42,-71.560000000000002,-29.129999999999999
42,43,-71.560000000000002,-29.329999999999998
43,44,-71.549999999999997,-29.379999999999999
44,45,-71.579999999999998,-32.079999999999998
45,46,-77.219999999999999,-12.170000000000000
46,47,-77.280000000000001,-12.190000000000000
47,48,-77.250000000000000,-12.020000000000000
48,49,-77.280000000000001,-12.199999999999999
49,50,-71.489999999999995,-29.020000000000000
50,51,-71.469999999999999,-29.329999999999998
51,52,-71.560000000000002,-29.350000000000001
52,53,-71.549999999999997,-29.250000000000000
53,54,-71.719999999999999,-33.320000000000000
54,55,-71.750000000000000,-33.399999999999999
55,56,-71.659999999999997,-33.310000000000002
56,57,-70.430000000000007,-23.090000000000000
57,58,-71.430000000000007,-29.170000000000002
58,59,-71.549999999999997,-29.129999999999999
59,60,-71.439999999999998,-29.070000000000000
60,61,-71.540000000000006,-29.180000000000000
61,62,-74.170000000000002,-41.969999999999999
62,63,-71.590000000000003,-29.239999999999998
63,64,-71.409999999999997,-29.359999999999999
64,65,-77.189999999999998,-12.180000000000000
65,66,-71.560000000000002,-32.420000000000002
66,67,-76.569999999999993,-13.680000000000000
67,68,-73.010000000000005,-36.729999999999997
68,69,-73.379999999999995,-36.680000000000000
69,70,-77.090000000000003,-11.869999999999999
70,71,-71.549999999999997,-30.289999999999999
71,72,-76.280000000000001,-13.740000000000000
72,73,-76.709999999999994,-12.420000000000000
73,74,-76.329999999999998,-13.760000000000000
74,75,-70.129999999999995,-20.920000000000002
75,76,-76.310000000000002,-13.740000000000000
76,77,-76.400000000000006,-13.740000000000000
77,78,-76.230000000000004,-13.750000000000000
78,79,-76.780000000000001,-12.600000000000000
79,80,-76.840000000000003,-12.490000000000000
80,81,-76.799999999999997,-12.480000000000000
81,82,-76.299999999999997,-13.830000000000000
82,83,-77.269999999999996,-12.020000000000000
83,84,-77.269999999999996,-12.090000000000000
84,85,-77.269999999999996,-12.039999999999999
85,86,-76.230000000000004,-13.720000000000001
86,87,-76.200000000000003,-13.670000000000000
87,88,-76.209999999999994,-13.680000000000000
88,89,-76.799999999999997,-12.470000000000001
89,90,-76.260000000000005,-13.640000000000001
90,91,-76.950000000000003,-12.560000000000000
91,92,-76.299999999999997,-13.710000000000001
92,93,-76.599999999999994,-12.510000000000000
93,94,-71.209999999999994,-29.969999999999999
94,95,-76.829999999999998,-12.600000000000000
95,96,-77.000000000000000,-12.570000000000000
96,97,-71.409999999999997,-29.149999999999999
97,98,-71.439999999999998,-29.289999999999999
98,99,-71.560000000000002,-29.000000000000000
99,100,-76.280000000000001,-13.789999999999999
100,101,-76.349999999999994,-13.730000000000000
101,102,-76.299999999999997,-13.640000000000001
102,103,-73.099999999999994,-36.759999999999998
103,104,-76.319999999999993,-13.640000000000001
104,105,-71.439999999999998,-29.309999999999999
105,106,-71.420000000000002,-29.359999999999999
106,107,-76.349999999999994,-13.770000000000000
107,108,-76.349999999999994,-13.670000000000000
108,109,-71.519999999999996,-29.390000000000001
109,110,-71.500000000000000,-29.320000000000000
110,111,-71.400000000000006,-29.219999999999999
111,112,-77.400000000000006,-12.199999999999999
112,113,-76.269999999999996,-13.750000000000000
113,114,-71.439999999999998,-32.460000000000001
114,115,-71.489999999999995,-32.409999999999997
115,116,-71.420000000000002,-32.509999999999998
116,117,-71.500000000000000,-32.509999999999998
117,118,-71.450000000000003,-32.600000000000001
118,119,-71.560000000000002,-32.430000000000000
119,120,-71.450000000000003,-32.399999999999999
120,121,-71.480000000000004,-29.120000000000001
121,122,-73.219999999999999,-39.530000000000001
122,123,-73.079999999999998,-36.619999999999997
123,124,-71.439999999999998,-32.469999999999999
124,125,-71.560000000000002,-32.439999999999998
125,126,-76.250000000000000,-13.650000000000000
126,127,-73.469999999999999,-41.979999999999997
127,128,-71.549999999999997,-29.000000000000000
128,129,-70.319999999999993,-18.420000000000002
129,130,-76.849999999999994,-12.300000000000001
130,131,-71.549999999999997,-32.960000000000001
131,132,-71.500000000000000,-29.260000000000002
132,133,-80.790000000000006,-1.940000000000000
133,134,-72.620000000000005,-35.579999999999998
134,135,-71.329999999999998,-29.489999999999998
135,136,-71.370000000000005,-30.079999999999998
136,137,-70.930000000000007,-27.140000000000001
137,138,-71.700000000000003,-33.409999999999997
138,139,-71.439999999999998,-32.579999999999998
139,140,-71.590000000000003,-29.100000000000001
140,141,-71.329999999999998,-17.820000000000000
141,142,-71.659999999999997,-33.359999999999999
142,143,-70.140000000000001,-20.910000000000000
143,144,-80.769999999999996,-1.960000000000000
144,145,-73.319999999999993,-39.640000000000001
145,146,-70.189999999999998,-20.730000000000000
146,147,-70.870000000000005,-27.129999999999999
147,148,-80.790000000000006,-1.930000000000000
148,149,-71.400000000000006,-28.449999999999999
149,150,-71.299999999999997,-29.930000000000000
150,151,-70.159999999999997,-20.489999999999998
151,152,-71.459999999999994,-32.590000000000003
152,153,-71.540000000000006,-29.270000000000000
153,154,-71.459999999999994,-32.579999999999998
154,155,-71.390000000000001,-30.020000000000000
155,156,-72.780000000000001,-42.359999999999999
156,157,-71.489999999999995,-29.129999999999999
157,158,-70.170000000000002,-20.820000000000000
158,159,-71.620000000000005,-29.039999999999999
159,160,-72.109999999999999,-17.010000000000002
160,161,-71.689999999999998,-30.469999999999999
161,162,-70.140000000000001,-20.899999999999999
162,163,-70.189999999999998,-20.789999999999999
163,164,-71.469999999999999,-29.250000000000000
164,165,-71.439999999999998,-32.649999999999999
165,166,-80.750000000000000,-1.980000000000000
166,168,-70.310000000000002,-22.930000000000000
167,169,-73.400000000000006,-39.729999999999997
168,170,-75.359999999999999,-15.140000000000001
169,171,-75.349999999999994,-15.160000000000000
170,172,-75.159999999999997,-15.390000000000001
171,173,-72.150000000000006,-17.109999999999999
172,174,-72.349999999999994,-17.140000000000001
173,175,-70.200000000000003,-20.750000000000000
174,176,-73.260000000000005,-39.460000000000001
175,177,-75.349999999999994,-15.150000000000000
176,178,-78.959999999999994,-8.529999999999999
177,179,-71.349999999999994,-17.640000000000001
178,180,-76.340000000000003,-13.920000000000000
179,181,-77.150000000000006,-12.060000000000000
180,182,-80.829999999999998,-1.900000000000000
181,183,-71.689999999999998,-33.369999999999997
182,184,-76.230000000000004,-13.760000000000000
183,185,-76.250000000000000,-13.840000000000000
184,186,-80.780000000000001,-1.480000000000000
185,187,-71.340000000000003,-29.539999999999999
186,188,-70.209999999999994,-20.809999999999999
187,189,-70.430000000000007,-23.500000000000000
188,190,-71.609999999999999,-33.030000000000001
189,191,-76.310000000000002,-13.789999999999999
190,192,-71.349999999999994,-29.930000000000000
191,193,-70.569999999999993,-23.649999999999999
192,194,-71.450000000000003,-32.579999999999998
193,195,-71.519999999999996,-32.890000000000001
194,196,-70.349999999999994,-18.750000000000000
195,197,-70.189999999999998,-20.699999999999999
196,198,-70.209999999999994,-20.210000000000001
197,199,-71.579999999999998,-29.039999999999999
198,200,-70.359999999999999,-18.489999999999998
199,201,-71.950000000000003,-33.000000000000000
200,202,-71.640000000000001,-33.020000000000003
201,203,-71.629999999999995,-33.020000000000003
202,204,-71.689999999999998,-33.359999999999999
203,205,-71.239999999999995,-29.809999999999999
204,206,-71.510000000000005,-32.880000000000003
205,207,-70.299999999999997,-22.940000000000001
206,208,-76.780000000000001,-12.470000000000001
207,209,-72.500000000000000,-42.560000000000002
208,210,-71.719999999999999,-32.979999999999997
209,211,-75.189999999999998,-15.369999999999999
210,212,-71.280000000000001,-29.930000000000000
211,213,-70.480000000000004,-18.510000000000002
212,214,-70.349999999999994,-18.469999999999999
213,215,-70.379999999999995,-18.500000000000000
214,216,-76.310000000000002,-13.890000000000001
215,217,-71.689999999999998,-30.500000000000000
216,218,-71.439999999999998,-32.659999999999997
217,219,-72.680000000000007,-41.640000000000001
218,220,-80.760000000000005,-1.820000000000000
219,221,-80.859999999999999,-1.460000000000000
220,222,-71.340000000000003,-29.940000000000001
221,223,-80.640000000000001,-1.840000000000000
222,224,-71.459999999999994,-29.059999999999999
223,225,-80.739999999999995,-1.880000000000000
224,226,-71.269999999999996,-29.969999999999999
225,227,-71.629999999999995,-30.250000000000000
226,228,-77.209999999999994,-12.119999999999999
227,229,-73.090000000000003,-41.579999999999998
228,230,-70.400000000000006,-23.590000000000000
229,231,-77.069999999999993,-12.660000000000000
230,232,-76.989999999999995,-12.220000000000001
231,233,-71.579999999999998,-32.770000000000003
232,234,-73.189999999999998,-36.719999999999999
233,235,-71.480000000000004,-29.270000000000000
234,236,-76.810000000000002,-12.369999999999999
235,237,-70.280000000000001,-20.930000000000000
236,238,-71.590000000000003,-32.030000000000001
237,239,-76.989999999999995,-12.210000000000001
238,240,-76.980000000000004,-12.230000000000000
239,241,-74.040000000000006,-41.930000000000000
240,242,-71.680000000000007,-33.369999999999997
241,243,-70.310000000000002,-18.449999999999999
242,244,-71.379999999999995,-17.699999999999999
243,245,-71.340000000000003,-29.930000000000000
244,246,-70.329999999999998,-18.550000000000001
245,247,-73.359999999999999,-42.680000000000000
246,248,-81.099999999999994,-5.840000000000000
247,249,-81.049999999999997,-5.800000000000000
248,250,-71.530000000000001,-32.140000000000001
249,251,-70.260000000000005,-22.420000000000002
250,252,-71.530000000000001,-32.130000000000003
251,253,-77.230000000000004,-12.130000000000001
252,254,-81.090000000000003,-1.260000000000000
253,255,-70.299999999999997,-20.840000000000000
254,256,-76.310000000000002,-13.680000000000000
255,257,-71.560000000000002,-32.189999999999998
256,258,-71.480000000000004,-29.350000000000001
257,259,-71.439999999999998,-29.280000000000001
258,260,-80.799999999999997,-1.840000000000000
259,261,-76.620000000000005,-12.449999999999999
260,262,-73.209999999999994,-36.770000000000003
261,263,-71.519999999999996,-32.240000000000002
262,264,-71.510000000000005,-32.240000000000002
263,265,-81.069999999999993,-1.270000000000000
264,266,-73.469999999999999,-41.799999999999997
265,267,-72.049999999999997,-34.430000000000000
266,268,-74.040000000000006,-41.920000000000002
267,269,-71.670000000000002,-32.960000000000001
268,270,-76.829999999999998,-12.470000000000001
269,271,-71.359999999999999,-29.410000000000000
270,272,-71.439999999999998,-32.590000000000003
271,273,-73.079999999999998,-36.600000000000001
272,274,-73.730000000000004,-42.649999999999999
273,275,-81.079999999999998,-5.790000000000000
274,276,-70.469999999999999,-25.010000000000002
275,277,-71.430000000000007,-29.120000000000001
276,278,-71.560000000000002,-32.469999999999999
277,279,-71.400000000000006,-29.050000000000001
278,280,-77.379999999999995,-12.180000000000000
279,281,-76.819999999999993,-12.500000000000000
280,282,-71.500000000000000,-32.450000000000003
281,283,-70.329999999999998,-23.010000000000002
282,284,-71.459999999999994,-32.700000000000003
283,285,-74.040000000000006,-42.109999999999999
284,286,-70.180000000000007,-20.820000000000000
285,287,-70.450000000000003,-25.350000000000001
286,288,-71.500000000000000,-29.059999999999999
287,289,-81.209999999999994,-5.210000000000000
288,290,-70.670000000000002,-26.149999999999999
289,291,-72.500000000000000,-42.590000000000003
290,292,-73.290000000000006,-41.810000000000002
291,293,-70.329999999999998,-18.469999999999999
292,294,-70.670000000000002,-22.859999999999999
293,295,-72.030000000000001,-17.020000000000000
294,296,-74.170000000000002,-41.930000000000000
295,297,-76.390000000000001,-13.740000000000000
296,298,-76.709999999999994,-12.440000000000000
297,299,-70.319999999999993,-18.469999999999999
298,300,-71.500000000000000,-32.240000000000002
299,301,-71.430000000000007,-32.609999999999999
300,302,-73.629999999999995,-41.600000000000001
301,303,-72.109999999999999,-17.020000000000000
302,304,-71.680000000000007,-33.359999999999999
303,305,-71.420000000000002,-29.340000000000000
304,306,-71.549999999999997,-29.550000000000001
305,307,-71.439999999999998,-29.500000000000000
306,308,-71.540000000000006,-29.590000000000000
307,309,-77.269999999999996,-12.100000000000000
308,310,-70.420000000000002,-23.699999999999999
309,311,-76.540000000000006,-13.740000000000000
310,312,-71.459999999999994,-29.250000000000000
311,313,-76.790000000000006,-12.480000000000000
312,314,-76.790000000000006,-12.470000000000001
313,315,-76.250000000000000,-13.830000000000000
314,316,-76.269999999999996,-13.820000000000000
315,317,-71.650000000000006,-33.340000000000003
316,318,-73.260000000000005,-39.479999999999997
317,319,-71.579999999999998,-32.570000000000000
318,320,-76.620000000000005,-12.480000000000000
319,321,-70.420000000000002,-23.030000000000001
320,322,-81.180000000000007,-5.830000000000000
321,323,-71.489999999999995,-32.460000000000001
322,324,-71.560000000000002,-29.289999999999999
323,325,-76.969999999999999,-12.560000000000000
324,326,-70.409999999999997,-18.430000000000000
325,327,-70.469999999999999,-18.430000000000000
326,328,-70.459999999999994,-18.460000000000001
327,329,-71.459999999999994,-32.570000000000000
328,330,-71.519999999999996,-32.770000000000003
329,331,-71.730000000000004,-33.359999999999999
330,332,-76.250000000000000,-13.859999999999999
331,333,-73.409999999999997,-39.719999999999999
332,334,-77.260000000000005,-11.770000000000000
333,335,-73.760000000000005,-42.579999999999998
334,336,-70.950000000000003,-27.670000000000002
335,337,-71.640000000000001,-33.009999999999998
336,338,-73.269999999999996,-42.310000000000002
337,339,-76.250000000000000,-14.150000000000000
338,340,-74.030000000000001,-41.930000000000000
339,341,-71.920000000000002,-17.090000000000000
340,342,-73.519999999999996,-41.829999999999998
341,343,-81.150000000000006,-5.890000000000000
342,344,-73.150000000000006,-36.710000000000001
343,345,-73.680000000000007,-37.890000000000001
344,346,-73.579999999999998,-38.770000000000003
345,347,-71.530000000000001,-32.770000000000003
346,348,-73.209999999999994,-36.780000000000001
347,349,-71.450000000000003,-29.250000000000000
348,350,-71.430000000000007,-32.630000000000003
349,351,-70.250000000000000,-19.600000000000001
350,352,-71.310000000000002,-29.480000000000000
351,353,-70.400000000000006,-23.640000000000001
352,354,-75.329999999999998,-15.140000000000001
353,355,-76.349999999999994,-13.920000000000000
354,356,-76.250000000000000,-13.670000000000000
355,357,-70.480000000000004,-23.570000000000000
356,358,-71.540000000000006,-32.799999999999997
357,359,-76.840000000000003,-12.330000000000000
358,360,-70.489999999999995,-23.469999999999999
359,361,-76.900000000000006,-12.310000000000000
360,363,-76.879999999999995,-12.359999999999999
361,364,-70.329999999999998,-18.480000000000000
362,365,-70.129999999999995,-20.270000000000000
363,366,-76.939999999999998,-12.289999999999999
364,367,-70.409999999999997,-23.649999999999999
365,368,-70.859999999999999,-27.100000000000001
366,369,-71.450000000000003,-32.960000000000001
367,370,-71.310000000000002,-17.600000000000001
368,371,-70.769999999999996,-26.059999999999999
369,372,-70.689999999999998,-26.570000000000000
370,373,-70.900000000000006,-27.140000000000001
371,374,-70.459999999999994,-23.100000000000001
372,375,-70.329999999999998,-22.980000000000000
373,376,-71.329999999999998,-29.960000000000001
374,377,-71.420000000000002,-32.710000000000001
375,378,-70.180000000000007,-20.750000000000000
376,379,-77.000000000000000,-12.289999999999999
377,380,-70.450000000000003,-23.100000000000001
378,381,-70.480000000000004,-23.100000000000001
379,382,-72.989999999999995,-41.500000000000000
380,383,-76.280000000000001,-13.869999999999999
381,384,-74.049999999999997,-41.930000000000000
382,385,-78.959999999999994,-8.510000000000000
383,386,-71.299999999999997,-29.899999999999999
384,387,-73.829999999999998,-41.859999999999999
385,388,-73.829999999999998,-41.869999999999997
386,389,-72.180000000000007,-16.920000000000002
387,390,-72.980000000000004,-16.520000000000000
388,391,-71.530000000000001,-29.230000000000000
389,392,-71.540000000000006,-29.050000000000001
390,393,-72.980000000000004,-16.510000000000002
391,394,-73.560000000000002,-16.239999999999998
392,395,-72.730000000000004,-42.909999999999997
393,396,-73.129999999999995,-16.440000000000001
394,397,-79.000000000000000,-8.220000000000001
395,398,-71.799999999999997,-33.740000000000002
396,399,-73.920000000000002,-41.880000000000003
397,400,-76.280000000000001,-13.279999999999999
398,401,-72.489999999999995,-41.969999999999999
399,402,-74.109999999999999,-41.859999999999999
400,403,-71.430000000000007,-32.600000000000001
401,404,-76.959999999999994,-12.039999999999999
402,405,-76.930000000000007,-12.140000000000001
403,406,-71.569999999999993,-32.530000000000001
404,407,-76.280000000000001,-13.750000000000000
405,408,-76.989999999999995,-12.470000000000001
406,409,-71.450000000000003,-32.350000000000001
407,410,-72.069999999999993,-17.190000000000001
408,411,-72.650000000000006,-41.710000000000001
409,412,-72.930000000000007,-41.479999999999997
410,413,-72.930000000000007,-41.509999999999998
411,414,-72.859999999999999,-41.750000000000000
412,415,-76.260000000000005,-13.840000000000000
413,416,-71.370000000000005,-17.699999999999999
414,417,-73.390000000000001,-39.789999999999999
415,418,-73.120000000000005,-36.619999999999997
416,419,-71.650000000000006,-33.350000000000001
417,420,-73.629999999999995,-16.620000000000001
418,421,-75.540000000000006,-15.080000000000000
419,422,-71.540000000000006,-29.370000000000001
420,423,-71.530000000000001,-32.439999999999998
421,424,-71.750000000000000,-33.329999999999998
422,425,-70.590000000000003,-23.180000000000000
423,426,-71.760000000000005,-33.009999999999998
424,427,-76.299999999999997,-13.789999999999999
425,428,-77.250000000000000,-12.080000000000000
426,429,-71.700000000000003,-33.430000000000000
427,430,-71.840000000000003,-17.170000000000002
428,431,-72.879999999999995,-41.570000000000000
429,432,-81.010000000000005,-5.860000000000000
430,433,-73.560000000000002,-39.520000000000003
431,434,-76.299999999999997,-13.250000000000000
432,435,-76.219999999999999,-13.690000000000000
433,436,-76.250000000000000,-14.000000000000000
434,437,-77.219999999999999,-12.090000000000000
435,438,-76.890000000000001,-12.279999999999999
436,439,-70.590000000000003,-25.219999999999999
437,440,-71.730000000000004,-32.939999999999998
438,441,-71.530000000000001,-32.780000000000001
439,442,-71.790000000000006,-32.939999999999998
440,443,-70.459999999999994,-18.469999999999999
441,444,-70.200000000000003,-20.809999999999999
442,445,-71.500000000000000,-30.260000000000002
443,446,-77.040000000000006,-12.170000000000000
444,447,-77.189999999999998,-12.100000000000000
445,448,-71.540000000000006,-32.600000000000001
446,449,-71.519999999999996,-32.450000000000003
447,450,-71.659999999999997,-33.009999999999998
448,451,-76.189999999999998,-14.260000000000000
449,452,-70.469999999999999,-23.050000000000001
450,453,-77.170000000000002,-12.060000000000000
451,454,-71.670000000000002,-33.460000000000001
452,455,-76.379999999999995,-13.720000000000001
453,456,-71.500000000000000,-32.500000000000000
454,457,-71.590000000000003,-29.379999999999999
455,458,-77.030000000000001,-12.170000000000000
456,459,-71.400000000000006,-17.399999999999999
457,460,-70.930000000000007,-27.320000000000000
458,461,-70.379999999999995,-20.820000000000000
459,462,-71.560000000000002,-32.590000000000003
460,463,-76.340000000000003,-13.800000000000001
461,464,-76.329999999999998,-13.660000000000000
462,465,-72.900000000000006,-41.490000000000002
463,466,-71.359999999999999,-29.949999999999999
464,467,-70.200000000000003,-22.090000000000000
465,468,-70.299999999999997,-22.920000000000002
466,469,-71.359999999999999,-29.969999999999999
467,470,-73.500000000000000,-41.820000000000000
468,471,-76.379999999999995,-13.609999999999999
469,472,-77.159999999999997,-12.070000000000000
470,473,-73.189999999999998,-36.770000000000003
471,474,-70.349999999999994,-18.559999999999999
472,475,-70.519999999999996,-23.030000000000001
473,476,-71.670000000000002,-33.359999999999999
474,477,-76.219999999999999,-13.680000000000000
475,478,-71.480000000000004,-29.170000000000002
476,479,-74.159999999999997,-41.950000000000003
477,480,-77.329999999999998,-12.010000000000000
478,481,-77.239999999999995,-12.150000000000000
479,482,-76.819999999999993,-12.600000000000000
480,483,-76.290000000000006,-13.670000000000000
481,484,-71.579999999999998,-29.270000000000000
482,485,-71.409999999999997,-29.250000000000000
483,486,-76.299999999999997,-13.779999999999999
484,487,-72.900000000000006,-42.600000000000001
485,488,-71.280000000000001,-29.859999999999999
486,489,-71.680000000000007,-32.990000000000002
487,490,-76.280000000000001,-13.810000000000000
488,491,-71.510000000000005,-30.250000000000000
489,492,-73.170000000000002,-36.770000000000003
490,493,-73.180000000000007,-36.780000000000001
491,494,-78.409999999999997,-9.359999999999999
492,495,-73.489999999999995,-41.810000000000002
493,496,-73.640000000000001,-41.810000000000002
494,497,-78.829999999999998,-8.539999999999999
495,498,-78.840000000000003,-8.600000000000000
496,499,-78.849999999999994,-8.510000000000000
497,500,-79.000000000000000,-8.490000000000000
498,501,-78.890000000000001,-8.590000000000000
499,502,-78.930000000000007,-8.410000000000000
500,503,-78.969999999999999,-8.410000000000000
501,504,-78.810000000000002,-8.420000000000000
502,505,-78.879999999999995,-8.539999999999999
503,506,-78.829999999999998,-8.529999999999999
504,507,-78.890000000000001,-8.410000000000000
505,508,-78.959999999999994,-8.430000000000000
506,509,-78.859999999999999,-8.460000000000001
507,510,-78.989999999999995,-8.430000000000000
508,511,-78.959999999999994,-8.460000000000001
509,512,-78.959999999999994,-8.590000000000000
510,513,-76.400000000000006,-13.640000000000001
511,514,-74.049999999999997,-41.799999999999997
512,515,-71.530000000000001,-29.359999999999999
513,516,-73.650000000000006,-40.500000000000000
514,517,-70.780000000000001,-26.180000000000000
515,518,-70.430000000000007,-23.050000000000001
516,519,-76.359999999999999,-13.650000000000000
517,520,-76.500000000000000,-13.789999999999999
518,521,-71.549999999999997,-33.009999999999998
519,522,-71.409999999999997,-17.719999999999999
520,523,-71.510000000000005,-32.890000000000001
521,524,-76.540000000000006,-13.789999999999999
522,525,-71.620000000000005,-33.030000000000001
523,526,-73.230000000000004,-36.789999999999999
524,527,-79.590000000000003,-7.410000000000000
525,528,-71.840000000000003,-32.979999999999997
526,529,-72.000000000000000,-34.380000000000003
527,530,-71.629999999999995,-33.030000000000001
528,531,-76.390000000000001,-13.630000000000001
529,532,-70.400000000000006,-23.649999999999999
530,533,-71.620000000000005,-33.039999999999999
531,534,-71.730000000000004,-17.949999999999999
532,535,-71.549999999999997,-17.870000000000001
533,536,-71.349999999999994,-17.649999999999999
534,537,-71.390000000000001,-17.670000000000002
535,538,-71.340000000000003,-17.640000000000001
536,539,-71.780000000000001,-18.039999999999999
537,540,-73.000000000000000,-36.820000000000000
538,541,-71.400000000000006,-17.730000000000000
539,542,-70.629999999999995,-26.140000000000001
540,543,-70.519999999999996,-23.020000000000000
541,544,-71.549999999999997,-17.690000000000001
542,545,-71.760000000000005,-33.030000000000001
543,546,-71.659999999999997,-33.259999999999998
544,547,-76.829999999999998,-12.369999999999999
545,548,-71.569999999999993,-29.289999999999999
546,549,-76.650000000000006,-12.449999999999999
547,550,-71.569999999999993,-29.020000000000000
548,551,-70.680000000000007,-26.140000000000001
549,552,-76.390000000000001,-13.730000000000000
550,553,-76.370000000000005,-13.750000000000000
551,554,-75.299999999999997,-14.980000000000000
552,555,-75.299999999999997,-15.130000000000001
553,556,-70.180000000000007,-21.969999999999999
554,557,-72.750000000000000,-16.680000000000000
555,558,-71.500000000000000,-32.539999999999999
556,559,-74.159999999999997,-41.810000000000002
557,560,-70.329999999999998,-18.539999999999999
558,561,-73.659999999999997,-42.390000000000001
559,562,-71.489999999999995,-29.079999999999998
560,563,-74.010000000000005,-41.869999999999997
561,564,-73.400000000000006,-39.869999999999997
562,565,-71.290000000000006,-29.600000000000001
563,566,-71.310000000000002,-29.590000000000000
564,567,-70.689999999999998,-26.149999999999999
565,568,-73.719999999999999,-40.549999999999997
566,569,-73.510000000000005,-37.030000000000001
567,570,-74.129999999999995,-41.950000000000003
568,571,-76.239999999999995,-13.770000000000000
569,572,-71.579999999999998,-29.000000000000000
570,573,-74.060000000000002,-42.100000000000001
571,574,-73.680000000000007,-41.579999999999998
572,575,-70.230000000000004,-22.219999999999999
573,576,-70.230000000000004,-22.199999999999999
574,577,-74.040000000000006,-41.990000000000002
575,578,-74.040000000000006,-41.899999999999999
576,579,-76.250000000000000,-13.820000000000000
577,580,-71.299999999999997,-29.600000000000001
578,581,-71.739999999999995,-33.100000000000001
579,582,-76.280000000000001,-13.770000000000000
580,583,-70.180000000000007,-21.989999999999998
581,584,-71.280000000000001,-29.840000000000000
582,585,-73.129999999999995,-41.789999999999999
583,586,-73.379999999999995,-41.780000000000001
584,587,-73.010000000000005,-41.560000000000002
585,588,-70.390000000000001,-23.079999999999998
586,589,-71.459999999999994,-32.549999999999997
587,590,-76.909999999999997,-12.500000000000000
588,591,-76.950000000000003,-12.520000000000000
589,592,-77.329999999999998,-12.170000000000000
590,593,-77.280000000000001,-12.060000000000000
591,594,-76.230000000000004,-13.890000000000001
592,595,-71.569999999999993,-29.039999999999999
593,596,-73.030000000000001,-41.560000000000002
594,597,-71.269999999999996,-28.500000000000000
595,598,-70.200000000000003,-20.820000000000000
596,599,-71.469999999999999,-32.520000000000003
597,600,-76.250000000000000,-13.680000000000000
598,601,-76.340000000000003,-13.630000000000001
599,602,-71.840000000000003,-33.030000000000001
600,603,-71.719999999999999,-33.070000000000000
601,604,-70.079999999999998,-21.250000000000000
602,605,-71.349999999999994,-17.600000000000001
603,606,-76.280000000000001,-13.800000000000001
604,607,-81.090000000000003,-5.970000000000000
605,608,-81.200000000000003,-5.210000000000000
606,609,-70.870000000000005,-18.020000000000000
607,610,-70.890000000000001,-18.000000000000000
608,611,-77.180000000000007,-12.050000000000001
609,612,-73.180000000000007,-42.289999999999999
610,613,-72.939999999999998,-41.469999999999999
611,614,-71.569999999999993,-32.759999999999998
612,615,-72.890000000000001,-16.539999999999999
613,616,-70.689999999999998,-26.160000000000000
614,617,-76.280000000000001,-13.920000000000000
615,618,-76.329999999999998,-13.650000000000000
616,619,-76.359999999999999,-13.660000000000000
617,620,-77.010000000000005,-12.070000000000000
618,621,-76.230000000000004,-13.640000000000001
619,622,-70.299999999999997,-22.859999999999999
620,623,-77.599999999999994,-11.210000000000001
621,624,-76.700000000000003,-12.590000000000000
622,625,-71.230000000000004,-28.469999999999999
623,626,-76.379999999999995,-13.699999999999999
624,627,-71.420000000000002,-29.239999999999998
625,628,-76.930000000000007,-12.420000000000000
626,629,-76.260000000000005,-13.770000000000000
627,630,-73.359999999999999,-37.109999999999999
628,631,-70.269999999999996,-22.329999999999998
629,632,-70.420000000000002,-23.090000000000000
630,633,-76.890000000000001,-12.289999999999999
631,634,-76.260000000000005,-13.830000000000000
632,635,-70.650000000000006,-26.190000000000001
633,636,-70.340000000000003,-18.760000000000002
634,637,-71.319999999999993,-29.960000000000001
635,638,-70.420000000000002,-18.520000000000000
636,639,-76.400000000000006,-13.730000000000000
637,640,-70.659999999999997,-26.140000000000001
638,641,-71.569999999999993,-32.520000000000003
639,642,-76.930000000000007,-12.240000000000000
640,643,-76.980000000000004,-12.560000000000000
641,644,-71.840000000000003,-33.009999999999998
642,645,-71.689999999999998,-32.990000000000002
643,646,-71.640000000000001,-32.990000000000002
644,647,-71.590000000000003,-29.780000000000001
645,648,-76.450000000000003,-13.820000000000000
646,649,-73.290000000000006,-36.659999999999997
647,650,-71.400000000000006,-29.199999999999999
648,651,-71.569999999999993,-31.520000000000000
649,652,-71.650000000000006,-33.009999999999998
650,653,-70.450000000000003,-25.379999999999999
651,654,-81.189999999999998,-5.190000000000000
652,655,-73.640000000000001,-42.909999999999997
653,656,-76.599999999999994,-12.779999999999999
654,657,-71.689999999999998,-33.479999999999997
655,658,-78.980000000000004,-8.220000000000001
656,659,-70.370000000000005,-18.449999999999999
657,660,-76.870000000000005,-12.470000000000001
658,661,-73.840000000000003,-41.399999999999999
659,662,-71.819999999999993,-33.030000000000001
660,663,-71.640000000000001,-33.490000000000002
661,664,-75.189999999999998,-15.359999999999999
662,665,-70.359999999999999,-18.579999999999998
663,666,-76.219999999999999,-13.670000000000000
664,667,-77.079999999999998,-12.090000000000000
665,668,-71.569999999999993,-30.309999999999999
666,669,-70.209999999999994,-22.090000000000000
667,670,-76.340000000000003,-13.760000000000000
668,671,-74.030000000000001,-37.420000000000002
669,672,-73.349999999999994,-41.770000000000003
670,673,-71.579999999999998,-29.020000000000000
671,674,-76.310000000000002,-13.900000000000000
672,675,-71.540000000000006,-29.260000000000002
673,676,-71.540000000000006,-29.300000000000001
674,677,-76.599999999999994,-13.640000000000001
675,678,-71.459999999999994,-29.050000000000001
676,679,-70.290000000000006,-22.660000000000000
677,680,-71.469999999999999,-29.090000000000000
678,681,-72.120000000000005,-16.989999999999998
679,682,-76.349999999999994,-13.699999999999999
680,683,-77.260000000000005,-11.779999999999999
681,684,-73.599999999999994,-41.609999999999999
682,685,-77.219999999999999,-11.789999999999999
683,686,-70.969999999999999,-27.239999999999998
684,687,-73.859999999999999,-40.939999999999998
685,688,-70.060000000000002,-21.430000000000000
686,689,-76.250000000000000,-13.640000000000001
687,690,-76.390000000000001,-13.660000000000000
688,691,-76.790000000000006,-12.449999999999999
689,692,-81.000000000000000,-6.130000000000000
690,693,-70.750000000000000,-18.090000000000000
691,694,-81.189999999999998,-5.210000000000000
692,695,-71.730000000000004,-33.100000000000001
693,696,-76.400000000000006,-13.650000000000000
694,697,-77.260000000000005,-12.090000000000000
695,698,-77.129999999999995,-12.100000000000000
696,699,-76.859999999999999,-12.480000000000000
697,700,-77.000000000000000,-12.440000000000000
698,701,-76.299999999999997,-13.820000000000000
699,702,-71.549999999999997,-32.950000000000003
700,703,-71.489999999999995,-32.710000000000001
701,704,-77.200000000000003,-12.119999999999999
702,705,-77.969999999999999,-13.560000000000000
703,706,-71.640000000000001,-33.060000000000002
704,707,-73.439999999999998,-38.750000000000000
705,708,-71.450000000000003,-29.300000000000001
706,709,-77.290000000000006,-11.750000000000000
707,710,-76.239999999999995,-13.609999999999999
708,711,-71.549999999999997,-32.810000000000002
709,712,-71.299999999999997,-29.570000000000000
710,713,-71.879999999999995,-33.950000000000003
711,714,-77.189999999999998,-12.109999999999999
712,715,-77.239999999999995,-12.109999999999999
713,716,-71.319999999999993,-29.640000000000001
714,717,-76.260000000000005,-13.720000000000001
715,718,-74.109999999999999,-41.829999999999998
716,719,-71.480000000000004,-30.250000000000000
717,720,-72.430000000000007,-16.719999999999999
718,721,-74.000000000000000,-41.880000000000003
719,722,-76.500000000000000,-13.340000000000000
720,723,-76.310000000000002,-13.800000000000001
721,724,-71.459999999999994,-29.340000000000000
722,725,-76.209999999999994,-13.760000000000000
723,726,-76.400000000000006,-13.789999999999999
724,727,-74.040000000000006,-41.950000000000003
725,728,-76.209999999999994,-13.690000000000000
726,729,-72.439999999999998,-42.259999999999998
727,730,-70.680000000000007,-26.149999999999999
728,731,-70.269999999999996,-19.190000000000001
729,732,-76.250000000000000,-13.930000000000000
730,733,-81.370000000000005,-5.770000000000000
731,734,-76.340000000000003,-13.740000000000000
732,735,-73.170000000000002,-36.810000000000002
733,736,-70.329999999999998,-18.489999999999998
734,737,-70.849999999999994,-27.050000000000001
735,738,-71.200000000000003,-28.449999999999999
736,739,-71.310000000000002,-29.449999999999999
737,740,-71.700000000000003,-33.359999999999999
738,741,-70.680000000000007,-26.559999999999999
739,742,-70.280000000000001,-22.680000000000000
740,743,-70.280000000000001,-22.600000000000001
741,744,-76.269999999999996,-13.859999999999999
742,745,-76.709999999999994,-12.570000000000000
743,746,-74.060000000000002,-41.890000000000001
744,747,-71.469999999999999,-29.379999999999999
745,748,-76.849999999999994,-12.480000000000000
746,749,-71.700000000000003,-33.030000000000001
747,750,-71.269999999999996,-29.890000000000001
748,751,-73.700000000000003,-41.570000000000000
749,752,-73.769999999999996,-42.619999999999997
750,753,-73.150000000000006,-37.140000000000001
751,754,-71.530000000000001,-29.590000000000000
752,755,-71.430000000000007,-29.820000000000000
753,756,-74.159999999999997,-42.710000000000001
754,757,-71.790000000000006,-33.560000000000002
755,758,-75.500000000000000,-15.480000000000000
756,759,-70.810000000000002,-27.010000000000002
757,760,-74.000000000000000,-42.039999999999999
758,761,-70.849999999999994,-27.090000000000000
759,762,-70.810000000000002,-27.030000000000001
760,763,-71.560000000000002,-30.109999999999999
761,764,-76.209999999999994,-13.890000000000001
762,765,-72.140000000000001,-34.829999999999998
763,766,-81.109999999999999,-5.080000000000000
764,767,-78.650000000000006,-8.990000000000000
765,768,-73.290000000000006,-37.090000000000003
766,769,-71.019999999999996,-17.890000000000001
767,770,-77.260000000000005,-12.070000000000000
768,771,-71.709999999999994,-33.420000000000002
769,772,-76.890000000000001,-12.529999999999999
770,773,-76.939999999999998,-12.470000000000001
771,774,-76.209999999999994,-13.730000000000000
772,775,-76.290000000000006,-13.750000000000000
773,776,-76.209999999999994,-13.650000000000000
774,777,-76.230000000000004,-13.690000000000000
775,778,-76.299999999999997,-13.990000000000000
776,779,-71.879999999999995,-33.990000000000002
777,780,-71.629999999999995,-33.619999999999997
778,781,-71.629999999999995,-33.579999999999998
779,782,-71.290000000000006,-29.620000000000001
780,783,-71.549999999999997,-32.939999999999998
781,784,-71.629999999999995,-33.609999999999999
782,785,-76.250000000000000,-13.699999999999999
783,786,-73.909999999999997,-38.359999999999999
784,787,-77.180000000000007,-12.109999999999999
785,788,-74.140000000000001,-41.969999999999999
786,789,-71.599999999999994,-29.230000000000000
787,790,-71.620000000000005,-32.950000000000003
788,791,-70.379999999999995,-18.480000000000000
789,792,-70.799999999999997,-26.050000000000001
790,793,-74.099999999999994,-41.939999999999998
791,794,-77.209999999999994,-12.060000000000000
792,795,-77.840000000000003,-12.150000000000000
793,796,-70.159999999999997,-20.980000000000000
794,797,-75.069999999999993,-15.440000000000000
795,798,-75.409999999999997,-15.050000000000001
796,799,-76.209999999999994,-13.619999999999999
797,800,-71.500000000000000,-32.890000000000001
798,801,-73.579999999999998,-41.609999999999999
799,802,-71.680000000000007,-33.100000000000001
800,803,-71.620000000000005,-33.320000000000000
801,804,-71.739999999999995,-33.369999999999997
802,805,-70.390000000000001,-23.070000000000000
803,806,-70.390000000000001,-23.649999999999999
804,807,-71.489999999999995,-29.210000000000001
805,808,-71.670000000000002,-33.259999999999998
806,809,-71.680000000000007,-33.259999999999998
807,810,-73.159999999999997,-36.710000000000001
808,811,-70.430000000000007,-23.510000000000002
809,812,-74.060000000000002,-36.439999999999998
810,813,-77.269999999999996,-12.050000000000001
811,814,-77.209999999999994,-12.199999999999999
812,815,-77.319999999999993,-12.020000000000000
813,816,-73.189999999999998,-36.789999999999999
814,817,-70.549999999999997,-22.989999999999998
815,818,-71.890000000000001,-33.969999999999999
816,819,-76.280000000000001,-13.850000000000000
817,820,-70.489999999999995,-22.930000000000000
818,821,-70.569999999999993,-22.980000000000000
819,822,-76.219999999999999,-13.710000000000001
820,823,-76.209999999999994,-13.609999999999999
821,824,-70.239999999999995,-22.289999999999999
822,825,-77.200000000000003,-12.090000000000000
823,826,-71.370000000000005,-17.680000000000000
824,827,-71.500000000000000,-30.250000000000000
825,828,-71.769999999999996,-33.560000000000002
826,829,-71.489999999999995,-30.250000000000000
827,830,-71.609999999999999,-30.289999999999999
828,831,-71.549999999999997,-32.430000000000000
829,832,-76.209999999999994,-13.750000000000000
830,833,-72.620000000000005,-35.640000000000001
831,834,-76.370000000000005,-13.740000000000000
832,835,-76.239999999999995,-13.630000000000001
833,836,-70.209999999999994,-19.600000000000001
834,837,-70.629999999999995,-26.320000000000000
835,838,-76.379999999999995,-13.770000000000000
836,839,-76.400000000000006,-13.810000000000000
837,840,-77.200000000000003,-12.109999999999999
838,841,-74.060000000000002,-41.829999999999998
839,842,-72.629999999999995,-35.840000000000003
840,843,-73.900000000000006,-41.750000000000000
841,844,-71.859999999999999,-17.149999999999999
842,845,-74.109999999999999,-42.619999999999997
843,846,-71.890000000000001,-17.120000000000001
844,847,-74.040000000000006,-41.820000000000000
845,848,-76.590000000000003,-13.930000000000000
846,849,-71.599999999999994,-33.539999999999999
847,850,-70.459999999999994,-18.500000000000000
848,851,-71.750000000000000,-33.009999999999998
849,852,-77.200000000000003,-12.050000000000001
850,854,-71.530000000000001,-32.920000000000002
851,855,-76.599999999999994,-13.720000000000001
852,856,-70.329999999999998,-18.750000000000000
853,857,-71.709999999999994,-33.140000000000001
854,858,-73.790000000000006,-42.509999999999998
855,859,-73.760000000000005,-42.479999999999997
856,860,-76.310000000000002,-13.750000000000000
857,861,-70.310000000000002,-22.809999999999999
858,862,-70.269999999999996,-19.199999999999999
859,863,-73.159999999999997,-36.810000000000002
860,864,-77.200000000000003,-12.070000000000000
861,865,-71.719999999999999,-31.149999999999999
862,866,-71.319999999999993,-29.890000000000001
863,867,-76.870000000000005,-12.289999999999999
864,868,-76.390000000000001,-13.750000000000000
865,869,-76.349999999999994,-13.660000000000000
866,870,-71.450000000000003,-32.689999999999998
867,871,-71.859999999999999,-17.160000000000000
868,872,-76.310000000000002,-13.779999999999999
869,873,-71.519999999999996,-29.270000000000000
870,874,-72.980000000000004,-36.700000000000003
871,875,-76.310000000000002,-13.250000000000000
872,876,-76.310000000000002,-13.260000000000000
873,877,-71.459999999999994,-29.190000000000001
874,878,-71.530000000000001,-30.289999999999999
875,879,-76.349999999999994,-13.619999999999999
876,880,-76.810000000000002,-12.510000000000000
877,881,-77.780000000000001,-12.330000000000000
878,882,-71.500000000000000,-31.879999999999999
879,883,-76.400000000000006,-13.680000000000000
880,884,-73.219999999999999,-36.780000000000001
881,885,-71.189999999999998,-28.410000000000000
882,886,-71.430000000000007,-32.570000000000000
883,887,-71.590000000000003,-32.460000000000001
884,888,-71.459999999999994,-29.379999999999999
885,889,-71.519999999999996,-29.260000000000002
886,890,-71.409999999999997,-30.289999999999999
887,891,-76.780000000000001,-12.460000000000001
888,892,-72.790000000000006,-33.109999999999999
889,893,-71.730000000000004,-29.989999999999998
890,894,-76.650000000000006,-12.600000000000000
891,895,-77.189999999999998,-12.160000000000000
892,896,-72.420000000000002,-35.310000000000002
893,897,-73.989999999999995,-41.880000000000003
894,898,-70.450000000000003,-18.480000000000000
895,899,-73.230000000000004,-36.780000000000001
896,900,-70.260000000000005,-22.550000000000001
897,901,-71.790000000000006,-32.810000000000002
898,902,-76.939999999999998,-12.420000000000000
899,903,-71.430000000000007,-29.270000000000000
900,904,-74.090000000000003,-41.979999999999997
901,905,-77.390000000000001,-12.180000000000000
902,906,-73.930000000000007,-38.409999999999997
903,907,-76.379999999999995,-13.650000000000000
904,908,-76.329999999999998,-13.619999999999999
905,909,-71.500000000000000,-32.909999999999997
906,910,-71.609999999999999,-33.049999999999997
907,911,-76.319999999999993,-13.779999999999999
908,912,-74.079999999999998,-41.909999999999997
909,913,-71.540000000000006,-32.990000000000002
910,914,-70.859999999999999,-27.120000000000001
911,915,-70.950000000000003,-27.210000000000001
912,916,-70.390000000000001,-23.620000000000001
913,917,-71.370000000000005,-29.969999999999999
914,918,-70.459999999999994,-25.140000000000001
915,919,-73.379999999999995,-39.689999999999998
916,920,-71.530000000000001,-31.910000000000000
917,921,-70.500000000000000,-23.460000000000001
918,922,-72.269999999999996,-16.949999999999999
919,923,-70.579999999999998,-25.370000000000001
920,924,-77.209999999999994,-12.109999999999999
921,925,-78.950000000000003,-8.520000000000000
922,926,-76.359999999999999,-13.760000000000000
923,927,-71.450000000000003,-32.509999999999998
924,928,-71.319999999999993,-29.920000000000002
925,929,-76.780000000000001,-12.490000000000000
926,930,-71.409999999999997,-32.409999999999997
927,931,-71.609999999999999,-33.039999999999999
928,932,-71.310000000000002,-29.969999999999999
929,933,-77.180000000000007,-12.100000000000000
930,934,-71.439999999999998,-32.670000000000002
931,935,-71.959999999999994,-34.090000000000003
932,936,-71.500000000000000,-29.239999999999998
933,937,-76.310000000000002,-13.840000000000000
934,938,-77.250000000000000,-12.119999999999999
935,940,-71.489999999999995,-29.190000000000001
936,941,-71.340000000000003,-29.960000000000001
937,942,-73.180000000000007,-36.700000000000003
938,943,-73.140000000000001,-36.700000000000003
939,944,-76.359999999999999,-13.779999999999999
940,945,-73.680000000000007,-42.469999999999999
941,946,-73.719999999999999,-40.560000000000002
942,947,-73.739999999999995,-40.600000000000001
943,948,-76.739999999999995,-12.600000000000000
944,949,-74.019999999999996,-41.950000000000003
945,950,-74.870000000000005,-15.650000000000000
946,951,-74.849999999999994,-15.570000000000000
947,952,-77.159999999999997,-11.880000000000001
948,953,-76.200000000000003,-13.650000000000000
949,954,-76.340000000000003,-13.720000000000001
950,955,-74.000000000000000,-41.840000000000003
951,956,-76.329999999999998,-13.609999999999999
952,957,-70.319999999999993,-18.940000000000001
953,958,-76.319999999999993,-13.750000000000000
954,959,-71.629999999999995,-33.500000000000000
955,960,-71.569999999999993,-33.020000000000003
956,961,-70.799999999999997,-27.010000000000002
957,962,-71.439999999999998,-32.609999999999999
958,963,-70.230000000000004,-18.460000000000001
959,964,-73.750000000000000,-40.619999999999997
960,965,-71.510000000000005,-32.780000000000001
961,966,-73.140000000000001,-42.689999999999998
962,967,-71.560000000000002,-29.250000000000000
963,968,-70.319999999999993,-18.480000000000000
964,969,-78.560000000000002,-12.359999999999999
965,970,-77.239999999999995,-12.090000000000000
966,971,-71.939999999999998,-17.079999999999998
967,972,-72.219999999999999,-17.100000000000001
968,973,-73.030000000000001,-36.740000000000002
969,974,-73.019999999999996,-36.740000000000002
970,975,-70.640000000000001,-25.649999999999999
971,976,-76.269999999999996,-13.699999999999999
972,978,-70.340000000000003,-18.579999999999998
973,979,-71.849999999999994,-29.739999999999998
974,980,-76.290000000000006,-14.130000000000001
975,981,-76.879999999999995,-12.289999999999999
976,982,-71.560000000000002,-33.020000000000003
977,983,-77.189999999999998,-12.060000000000000
978,984,-77.250000000000000,-12.090000000000000
979,985,-77.230000000000004,-12.090000000000000
980,986,-76.359999999999999,-13.740000000000000
981,987,-76.829999999999998,-12.490000000000000
982,988,-71.299999999999997,-29.820000000000000
983,989,-71.549999999999997,-32.990000000000002
984,990,-76.840000000000003,-12.500000000000000
985,991,-76.349999999999994,-13.760000000000000
986,992,-70.280000000000001,-18.590000000000000
987,993,-76.709999999999994,-12.580000000000000
988,994,-70.170000000000002,-21.020000000000000
989,995,-71.159999999999997,-28.170000000000002
990,996,-74.019999999999996,-42.060000000000002
991,997,-71.290000000000006,-29.820000000000000
992,998,-72.980000000000004,-41.320000000000000
993,999,-70.250000000000000,-20.960000000000001
994,1000,-76.310000000000002,-13.760000000000000
995,1001,-77.230000000000004,-12.109999999999999
996,1002,-76.409999999999997,-13.670000000000000
997,1003,-77.269999999999996,-12.060000000000000
998,1004,-76.239999999999995,-13.830000000000000
999,1005,-70.989999999999995,-17.890000000000001
1000,1006,-71.540000000000006,-29.379999999999999
1001,1007,-72.109999999999999,-17.000000000000000
1002,1008,-71.510000000000005,-32.909999999999997
1003,1009,-71.489999999999995,-29.329999999999998
1004,1010,-76.909999999999997,-12.570000000000000
1005,1011,-76.969999999999999,-12.590000000000000
1006,1012,-76.950000000000003,-12.410000000000000
1007,1013,-76.870000000000005,-12.480000000000000
1008,1014,-76.700000000000003,-12.630000000000001
1009,1015,-76.530000000000001,-13.750000000000000
1010,1016,-70.310000000000002,-18.739999999999998
1011,1017,-71.530000000000001,-32.240000000000002
1012,1018,-70.349999999999994,-18.760000000000002
1013,1019,-73.719999999999999,-39.909999999999997
1014,1020,-76.549999999999997,-13.779999999999999
1015,1021,-77.359999999999999,-12.160000000000000
1016,1022,-77.359999999999999,-12.090000000000000
1017,1023,-77.260000000000005,-12.109999999999999
1018,1024,-77.370000000000005,-12.090000000000000
1019,1025,-77.310000000000002,-12.029999999999999
1020,1026,-71.519999999999996,-29.359999999999999
1021,1027,-71.900000000000006,-33.009999999999998
1022,1028,-71.900000000000006,-32.759999999999998
1023,1029,-71.430000000000007,-30.199999999999999
1024,1030,-76.450000000000003,-13.840000000000000
1025,1031,-77.269999999999996,-12.109999999999999
1026,1032,-76.829999999999998,-12.580000000000000
1027,1033,-71.400000000000006,-19.020000000000000
1028,1034,-74.060000000000002,-41.969999999999999
1029,1035,-70.790000000000006,-26.160000000000000
1030,1036,-71.590000000000003,-29.039999999999999
1031,1037,-77.379999999999995,-11.740000000000000
1032,1038,-76.340000000000003,-13.850000000000000
1033,1039,-71.930000000000007,-17.079999999999998
1034,1040,-74.010000000000005,-41.829999999999998
1035,1041,-74.030000000000001,-41.939999999999998
1036,1042,-76.519999999999996,-12.890000000000001
1037,1043,-71.590000000000003,-33.030000000000001
1038,1044,-70.590000000000003,-23.410000000000000
1039,1045,-70.140000000000001,-21.629999999999999
1040,1046,-76.239999999999995,-13.840000000000000
1041,1047,-71.469999999999999,-32.549999999999997
1042,1048,-77.219999999999999,-12.100000000000000
1043,1049,-77.180000000000007,-12.119999999999999
1044,1050,-72.799999999999997,-36.079999999999998
1045,1051,-71.450000000000003,-32.469999999999999
1046,1052,-77.730000000000004,-11.960000000000001
1047,1053,-76.700000000000003,-12.570000000000000
1048,1054,-76.670000000000002,-12.640000000000001
1049,1055,-71.590000000000003,-32.789999999999999
1050,1056,-76.290000000000006,-13.630000000000001
1051,1057,-72.150000000000006,-17.050000000000001
1052,1058,-76.260000000000005,-13.859999999999999
1053,1059,-70.599999999999994,-23.440000000000001
1054,1060,-73.840000000000003,-41.460000000000001
1055,1061,-80.859999999999999,-6.430000000000000
1056,1062,-73.400000000000006,-39.649999999999999
1057,1063,-76.359999999999999,-13.630000000000001
1058,1064,-73.510000000000005,-41.799999999999997
1059,1065,-71.579999999999998,-33.030000000000001
1060,1066,-76.319999999999993,-13.619999999999999
1061,1067,-76.359999999999999,-13.710000000000001
1062,1068,-76.879999999999995,-12.490000000000000
1063,1069,-71.480000000000004,-29.340000000000000
1064,1070,-77.150000000000006,-11.869999999999999
1065,1071,-70.400000000000006,-23.660000000000000
1066,1072,-73.640000000000001,-43.180000000000000
1067,1073,-71.540000000000006,-29.230000000000000
1068,1074,-71.560000000000002,-29.149999999999999
1069,1075,-73.840000000000003,-42.450000000000003
1070,1076,-71.579999999999998,-32.930000000000000
1071,1077,-77.150000000000006,-11.880000000000001
1072,1078,-76.280000000000001,-13.940000000000000
1073,1079,-72.950000000000003,-41.469999999999999
1074,1080,-76.900000000000006,-12.279999999999999
1075,1081,-76.180000000000007,-14.029999999999999
1076,1082,-81.079999999999998,-5.810000000000000
1077,1083,-76.260000000000005,-13.869999999999999
1078,1084,-71.620000000000005,-33.009999999999998
1079,1085,-71.459999999999994,-29.239999999999998
1080,1086,-71.280000000000001,-29.620000000000001
1081,1087,-71.879999999999995,-33.969999999999999
1082,1088,-76.180000000000007,-13.699999999999999
1083,1089,-76.200000000000003,-13.710000000000001
1084,1090,-76.390000000000001,-13.789999999999999
1085,1091,-76.250000000000000,-13.720000000000001
1086,1092,-76.769999999999996,-12.460000000000001
1087,1093,-76.430000000000007,-13.820000000000000
1088,1094,-71.730000000000004,-33.759999999999998
1089,1095,-71.739999999999995,-33.759999999999998
1090,1096,-70.340000000000003,-18.750000000000000
1091,1097,-70.319999999999993,-18.410000000000000
1092,1098,-71.510000000000005,-32.420000000000002
1093,1099,-71.510000000000005,-32.920000000000002
1094,1100,-76.359999999999999,-13.869999999999999
1095,1101,-76.280000000000001,-13.820000000000000
1096,1102,-71.670000000000002,-33.020000000000003
1097,1103,-71.670000000000002,-33.100000000000001
1098,1104,-71.480000000000004,-29.280000000000001
1099,1105,-71.269999999999996,-29.879999999999999
1100,1106,-76.230000000000004,-13.600000000000000
1101,1107,-76.250000000000000,-13.740000000000000
1102,1108,-76.209999999999994,-13.630000000000001
1103,1109,-76.209999999999994,-13.789999999999999
1104,1110,-76.370000000000005,-13.609999999999999
1105,1111,-76.349999999999994,-13.690000000000000
1106,1112,-76.189999999999998,-13.529999999999999
1107,1113,-70.280000000000001,-23.760000000000002
1108,1114,-81.170000000000002,-5.130000000000000
1109,1115,-74.030000000000001,-42.030000000000001
1110,1116,-71.510000000000005,-32.590000000000003
1111,1117,-73.920000000000002,-41.859999999999999
1112,1118,-76.329999999999998,-13.859999999999999
1113,1120,-71.540000000000006,-32.950000000000003
1114,1121,-73.609999999999999,-41.820000000000000
1115,1122,-76.290000000000006,-13.789999999999999
1116,1123,-73.060000000000002,-43.390000000000001
1117,1124,-71.489999999999995,-29.260000000000002
1118,1126,-76.319999999999993,-13.800000000000001
1119,1127,-72.000000000000000,-32.950000000000003
1120,1128,-76.219999999999999,-13.640000000000001
1121,1129,-77.000000000000000,-12.210000000000001
1122,1130,-77.170000000000002,-12.109999999999999
1123,1131,-76.400000000000006,-13.770000000000000
1124,1132,-71.670000000000002,-32.719999999999999
1125,1133,-70.450000000000003,-18.500000000000000
1126,1134,-71.870000000000005,-32.759999999999998
1127,1135,-76.280000000000001,-13.680000000000000
1128,1136,-76.359999999999999,-13.609999999999999
1129,1137,-73.980000000000004,-36.820000000000000
1130,1138,-71.799999999999997,-28.829999999999998
1131,1139,-70.519999999999996,-18.949999999999999
1132,1140,-71.769999999999996,-32.789999999999999
1133,1141,-76.280000000000001,-13.710000000000001
1134,1142,-71.500000000000000,-32.869999999999997
1135,1143,-76.180000000000007,-13.690000000000000
1136,1144,-75.549999999999997,-15.180000000000000
1137,1145,-70.450000000000003,-18.820000000000000
1138,1146,-71.469999999999999,-27.280000000000001
1139,1147,-71.680000000000007,-28.699999999999999
1140,1148,-71.930000000000007,-33.329999999999998
1141,1149,-73.519999999999996,-36.299999999999997
1142,1150,-71.510000000000005,-32.869999999999997
1143,1151,-71.599999999999994,-32.820000000000000
1144,1152,-70.409999999999997,-18.449999999999999
1145,1153,-71.640000000000001,-33.579999999999998
1146,1154,-73.810000000000002,-41.640000000000001
1147,1155,-73.969999999999999,-37.299999999999997
1148,1156,-76.299999999999997,-13.960000000000001
1149,1157,-76.239999999999995,-13.930000000000000
1150,1158,-76.290000000000006,-13.830000000000000
1151,1159,-71.659999999999997,-33.590000000000003
1152,1160,-70.280000000000001,-18.449999999999999
1153,1161,-71.129999999999995,-18.449999999999999
1154,1162,-76.359999999999999,-13.820000000000000
1155,1163,-70.709999999999994,-26.129999999999999
1156,1164,-76.459999999999994,-13.850000000000000
1157,1165,-70.659999999999997,-26.190000000000001
1158,1166,-76.769999999999996,-12.480000000000000
1159,1167,-73.140000000000001,-43.039999999999999
1160,1168,-73.340000000000003,-42.270000000000003
1161,1169,-72.019999999999996,-17.020000000000000
1162,1170,-76.450000000000003,-13.859999999999999
1163,1171,-70.790000000000006,-25.210000000000001
1164,1172,-71.530000000000001,-32.930000000000000
1165,1173,-71.629999999999995,-33.000000000000000
1166,1174,-71.540000000000006,-32.939999999999998
1167,1175,-76.299999999999997,-13.770000000000000
1168,1176,-75.030000000000001,-15.369999999999999
1169,1177,-75.170000000000002,-15.400000000000000
1170,1178,-75.180000000000007,-15.330000000000000
1171,1179,-75.159999999999997,-15.289999999999999
1172,1180,-76.200000000000003,-13.619999999999999
1173,1181,-75.099999999999994,-15.350000000000000
1174,1182,-70.670000000000002,-18.160000000000000
1175,1183,-71.680000000000007,-33.729999999999997
1176,1184,-71.510000000000005,-32.859999999999999
1177,1185,-71.140000000000001,-28.079999999999998
1178,1186,-70.650000000000006,-26.059999999999999
1179,1187,-71.209999999999994,-28.449999999999999
1180,1188,-76.370000000000005,-13.619999999999999
1181,1189,-71.549999999999997,-32.979999999999997
1182,1190,-70.829999999999998,-27.070000000000000
1183,1191,-73.810000000000002,-41.859999999999999
1184,1192,-78.310000000000002,-12.960000000000001
1185,1193,-76.379999999999995,-13.750000000000000
1186,1194,-70.180000000000007,-20.359999999999999
1187,1195,-73.409999999999997,-39.890000000000001
1188,1196,-71.459999999999994,-29.030000000000001
1189,1197,-70.670000000000002,-26.160000000000000
1190,1198,-71.290000000000006,-29.940000000000001
1191,1199,-71.480000000000004,-33.710000000000001
1192,1200,-71.480000000000004,-32.740000000000002
1193,1201,-73.590000000000003,-43.560000000000002
1194,1203,-76.390000000000001,-13.770000000000000
1195,1204,-76.250000000000000,-13.609999999999999
1196,1206,-80.060000000000002,-6.880000000000000
1197,1208,-76.310000000000002,-13.859999999999999
1198,1210,-72.200000000000003,-17.129999999999999
1199,1211,-76.299999999999997,-13.900000000000000
1200,1213,-74.269999999999996,-15.869999999999999
1201,1218,-76.859999999999999,-12.300000000000001
1202,1220,-71.599999999999994,-33.049999999999997
1203,1224,-76.200000000000003,-14.250000000000000
1204,1225,-71.349999999999994,-29.969999999999999
1205,1226,-70.170000000000002,-22.090000000000000
1206,1227,-76.170000000000002,-14.250000000000000
1207,1228,-71.469999999999999,-32.579999999999998
1208,1229,-76.420000000000002,-13.630000000000001
1209,1231,-72.079999999999998,-34.770000000000003
1210,1232,-77.170000000000002,-11.770000000000000
1211,1233,-77.140000000000001,-12.050000000000001
1212,1237,-70.400000000000006,-26.090000000000000